-- ============================================================
-- sized-furniture シードデータ
-- Supabase SQL Editor で実行してください
-- ============================================================

-- -------------------------------------------------------
-- 1. regions（リージョン）
-- -------------------------------------------------------
INSERT INTO regions (code, name, name_local, currency, currency_symbol, language, size_unit, amazon_domain, is_active, sort_order) VALUES
  ('jp', 'Japan',     '日本',          'JPY', '¥',  'ja', 'cm',   'amazon.co.jp',   true, 1),
  ('us', 'USA',       'United States', 'USD', '$',  'en', 'inch', 'amazon.com',      true, 2),
  ('uk', 'UK',        'United Kingdom','GBP', '£',  'en', 'cm',   'amazon.co.uk',    true, 3),
  ('de', 'Germany',   'Deutschland',   'EUR', '€',  'de', 'cm',   'amazon.de',       true, 4),
  ('fr', 'France',    'France',        'EUR', '€',  'fr', 'cm',   'amazon.fr',       true, 5),
  ('au', 'Australia', 'Australia',     'AUD', 'A$', 'en', 'cm',   'amazon.com.au',   true, 6),
  ('ca', 'Canada',    'Canada',        'CAD', 'C$', 'en', 'inch', 'amazon.ca',       true, 7)
ON CONFLICT (code) DO NOTHING;

-- -------------------------------------------------------
-- 2. categories（カテゴリ）
--    親カテゴリ(level=0) → 子カテゴリ(level=1) の2階層
-- -------------------------------------------------------

-- 親カテゴリ
INSERT INTO categories (id, name, name_en, slug, parent_id, level, sort_order, icon, is_active) VALUES
  ('c0000000-0000-0000-0000-000000000001', 'テーブル',   'Tables',   'tables',   NULL, 0, 1, 'table',   true),
  ('c0000000-0000-0000-0000-000000000002', 'チェア',     'Chairs',   'chairs',   NULL, 0, 2, 'armchair', true),
  ('c0000000-0000-0000-0000-000000000003', '収納家具',   'Storage',  'storage',  NULL, 0, 3, 'archive',  true),
  ('c0000000-0000-0000-0000-000000000004', 'ベッド',     'Beds',     'beds',     NULL, 0, 4, 'bed',      true),
  ('c0000000-0000-0000-0000-000000000005', 'ソファ',     'Sofas',    'sofas-group', NULL, 0, 5, 'sofa', true)
ON CONFLICT (id) DO NOTHING;

-- 子カテゴリ: テーブル系
INSERT INTO categories (id, name, name_en, slug, parent_id, level, sort_order, icon, is_active) VALUES
  ('c1000000-0000-0000-0000-000000000001', 'デスク',             'Desks',          'desks',          'c0000000-0000-0000-0000-000000000001', 1, 11, NULL, true),
  ('c1000000-0000-0000-0000-000000000002', 'ダイニングテーブル', 'Dining Tables',  'dining-tables',  'c0000000-0000-0000-0000-000000000001', 1, 12, NULL, true),
  ('c1000000-0000-0000-0000-000000000003', 'サイドテーブル',     'Side Tables',    'side-tables',    'c0000000-0000-0000-0000-000000000001', 1, 13, NULL, true),
  ('c1000000-0000-0000-0000-000000000004', 'ローテーブル',       'Coffee Tables',  'coffee-tables',  'c0000000-0000-0000-0000-000000000001', 1, 14, NULL, true)
ON CONFLICT (id) DO NOTHING;

-- 子カテゴリ: チェア系
INSERT INTO categories (id, name, name_en, slug, parent_id, level, sort_order, icon, is_active) VALUES
  ('c1000000-0000-0000-0000-000000000005', 'オフィスチェア',   'Office Chairs',  'office-chairs',  'c0000000-0000-0000-0000-000000000002', 1, 21, NULL, true),
  ('c1000000-0000-0000-0000-000000000006', 'ダイニングチェア', 'Dining Chairs',  'dining-chairs',  'c0000000-0000-0000-0000-000000000002', 1, 22, NULL, true),
  ('c1000000-0000-0000-0000-000000000007', 'ラウンジチェア',   'Lounge Chairs',  'lounge-chairs',  'c0000000-0000-0000-0000-000000000002', 1, 23, NULL, true)
ON CONFLICT (id) DO NOTHING;

-- 子カテゴリ: 収納系
INSERT INTO categories (id, name, name_en, slug, parent_id, level, sort_order, icon, is_active) VALUES
  ('c1000000-0000-0000-0000-000000000008', '本棚・シェルフ',   'Bookcases & Shelves', 'bookcases-shelves', 'c0000000-0000-0000-0000-000000000003', 1, 31, NULL, true),
  ('c1000000-0000-0000-0000-000000000009', 'テレビ台',         'TV Stands',           'tv-stands',         'c0000000-0000-0000-0000-000000000003', 1, 32, NULL, true),
  ('c1000000-0000-0000-0000-00000000000a', 'キャビネット',     'Cabinets',            'cabinets',          'c0000000-0000-0000-0000-000000000003', 1, 33, NULL, true),
  ('c1000000-0000-0000-0000-00000000000b', 'チェスト',         'Chests',              'chests',            'c0000000-0000-0000-0000-000000000003', 1, 34, NULL, true)
ON CONFLICT (id) DO NOTHING;

-- 子カテゴリ: ベッド系
INSERT INTO categories (id, name, name_en, slug, parent_id, level, sort_order, icon, is_active) VALUES
  ('c1000000-0000-0000-0000-00000000000c', 'ベッドフレーム', 'Bed Frames',  'bed-frames',  'c0000000-0000-0000-0000-000000000004', 1, 41, NULL, true),
  ('c1000000-0000-0000-0000-00000000000d', 'マットレス',     'Mattresses',  'mattresses',  'c0000000-0000-0000-0000-000000000004', 1, 42, NULL, true)
ON CONFLICT (id) DO NOTHING;

-- 子カテゴリ: ソファ系
INSERT INTO categories (id, name, name_en, slug, parent_id, level, sort_order, icon, is_active) VALUES
  ('c1000000-0000-0000-0000-00000000000e', 'ソファ',       'Sofas',      'sofas',      'c0000000-0000-0000-0000-000000000005', 1, 51, NULL, true),
  ('c1000000-0000-0000-0000-00000000000f', 'ソファベッド', 'Sofa Beds',  'sofa-beds',  'c0000000-0000-0000-0000-000000000005', 1, 52, NULL, true)
ON CONFLICT (id) DO NOTHING;

-- -------------------------------------------------------
-- 3. category_paths（Closure Table）
--    ancestor → descendant の全ペアと depth を登録
-- -------------------------------------------------------

-- 自分自身 (depth = 0): 親カテゴリ
INSERT INTO category_paths (ancestor_id, descendant_id, depth) VALUES
  ('c0000000-0000-0000-0000-000000000001', 'c0000000-0000-0000-0000-000000000001', 0),
  ('c0000000-0000-0000-0000-000000000002', 'c0000000-0000-0000-0000-000000000002', 0),
  ('c0000000-0000-0000-0000-000000000003', 'c0000000-0000-0000-0000-000000000003', 0),
  ('c0000000-0000-0000-0000-000000000004', 'c0000000-0000-0000-0000-000000000004', 0),
  ('c0000000-0000-0000-0000-000000000005', 'c0000000-0000-0000-0000-000000000005', 0)
ON CONFLICT DO NOTHING;

-- 自分自身 (depth = 0): 子カテゴリ
INSERT INTO category_paths (ancestor_id, descendant_id, depth) VALUES
  ('c1000000-0000-0000-0000-000000000001', 'c1000000-0000-0000-0000-000000000001', 0),
  ('c1000000-0000-0000-0000-000000000002', 'c1000000-0000-0000-0000-000000000002', 0),
  ('c1000000-0000-0000-0000-000000000003', 'c1000000-0000-0000-0000-000000000003', 0),
  ('c1000000-0000-0000-0000-000000000004', 'c1000000-0000-0000-0000-000000000004', 0),
  ('c1000000-0000-0000-0000-000000000005', 'c1000000-0000-0000-0000-000000000005', 0),
  ('c1000000-0000-0000-0000-000000000006', 'c1000000-0000-0000-0000-000000000006', 0),
  ('c1000000-0000-0000-0000-000000000007', 'c1000000-0000-0000-0000-000000000007', 0),
  ('c1000000-0000-0000-0000-000000000008', 'c1000000-0000-0000-0000-000000000008', 0),
  ('c1000000-0000-0000-0000-000000000009', 'c1000000-0000-0000-0000-000000000009', 0),
  ('c1000000-0000-0000-0000-00000000000a', 'c1000000-0000-0000-0000-00000000000a', 0),
  ('c1000000-0000-0000-0000-00000000000b', 'c1000000-0000-0000-0000-00000000000b', 0),
  ('c1000000-0000-0000-0000-00000000000c', 'c1000000-0000-0000-0000-00000000000c', 0),
  ('c1000000-0000-0000-0000-00000000000d', 'c1000000-0000-0000-0000-00000000000d', 0),
  ('c1000000-0000-0000-0000-00000000000e', 'c1000000-0000-0000-0000-00000000000e', 0),
  ('c1000000-0000-0000-0000-00000000000f', 'c1000000-0000-0000-0000-00000000000f', 0)
ON CONFLICT DO NOTHING;

-- 親 → 子 (depth = 1): テーブル系
INSERT INTO category_paths (ancestor_id, descendant_id, depth) VALUES
  ('c0000000-0000-0000-0000-000000000001', 'c1000000-0000-0000-0000-000000000001', 1),
  ('c0000000-0000-0000-0000-000000000001', 'c1000000-0000-0000-0000-000000000002', 1),
  ('c0000000-0000-0000-0000-000000000001', 'c1000000-0000-0000-0000-000000000003', 1),
  ('c0000000-0000-0000-0000-000000000001', 'c1000000-0000-0000-0000-000000000004', 1)
ON CONFLICT DO NOTHING;

-- 親 → 子 (depth = 1): チェア系
INSERT INTO category_paths (ancestor_id, descendant_id, depth) VALUES
  ('c0000000-0000-0000-0000-000000000002', 'c1000000-0000-0000-0000-000000000005', 1),
  ('c0000000-0000-0000-0000-000000000002', 'c1000000-0000-0000-0000-000000000006', 1),
  ('c0000000-0000-0000-0000-000000000002', 'c1000000-0000-0000-0000-000000000007', 1)
ON CONFLICT DO NOTHING;

-- 親 → 子 (depth = 1): 収納系
INSERT INTO category_paths (ancestor_id, descendant_id, depth) VALUES
  ('c0000000-0000-0000-0000-000000000003', 'c1000000-0000-0000-0000-000000000008', 1),
  ('c0000000-0000-0000-0000-000000000003', 'c1000000-0000-0000-0000-000000000009', 1),
  ('c0000000-0000-0000-0000-000000000003', 'c1000000-0000-0000-0000-00000000000a', 1),
  ('c0000000-0000-0000-0000-000000000003', 'c1000000-0000-0000-0000-00000000000b', 1)
ON CONFLICT DO NOTHING;

-- 親 → 子 (depth = 1): ベッド系
INSERT INTO category_paths (ancestor_id, descendant_id, depth) VALUES
  ('c0000000-0000-0000-0000-000000000004', 'c1000000-0000-0000-0000-00000000000c', 1),
  ('c0000000-0000-0000-0000-000000000004', 'c1000000-0000-0000-0000-00000000000d', 1)
ON CONFLICT DO NOTHING;

-- 親 → 子 (depth = 1): ソファ系
INSERT INTO category_paths (ancestor_id, descendant_id, depth) VALUES
  ('c0000000-0000-0000-0000-000000000005', 'c1000000-0000-0000-0000-00000000000e', 1),
  ('c0000000-0000-0000-0000-000000000005', 'c1000000-0000-0000-0000-00000000000f', 1)
ON CONFLICT DO NOTHING;
